<project name="maitre" default="all" basedir=".">
	
	<property name="basews" value="${ws}"/>
	<property name="baseos" value="${os}"/>
	<property name="basearch" value="${arch}"/>
	<property name="basenl" value="${nl}"/>

	<!-- Compiler settings. -->
	<property name="javacFailOnError" value="false"/>
	<property name="javacDebugInfo" value="on"/>
	<property name="javacVerbose" value="false"/>
	<property name="logExtension" value=".log"/>
	<property name="compilerArg" value=""/>
	<property name="javacSource" value="1.5"/>
	<property name="javacTarget" value="1.5"/>
	<path id="path_bootclasspath">
		<fileset dir="${java.home}/lib">
				<include name="*.jar"/>
		</fileset>
	</path>
	<property name="bootclasspath" refid="path_bootclasspath"/>
	<property name="bundleJavacSource" value="${javacSource}"/>
	<property name="bundleJavacTarget" value="${javacTarget}"/>
	<property name="bundleBootClasspath" value="${bootclasspath}"/>
	
	<property name="run-classpath"
	 value="/home/cgao/Outil/eclipse/plugins/absynt_1.6.2.jar:/home/cgao/Outil/eclipse/plugins/componentsgenerators_1.6.2.1.jar:/home/cgao/Outil/eclipse/plugins/cosynt_1.6.2.jar:/home/cgao/Outil/eclipse/plugins/inria.smarttools.core_1.6.2.1.jar:/home/cgao/Outil/eclipse/plugins/inria.smarttools.dynamic_1.6.2.jar:/home/cgao/Outil/eclipse/plugins/inria.smarttools.generator_1.6.2.1.jar:/home/cgao/Outil/eclipse/plugins/inria.smarttools.tree_1.6.2.jar:/home/cgao/Outil/eclipse/plugins/xprofile_1.6.2.jar:/usr/lib/jvm/java-7-openjdk-i386/jre/lib/resources.jar:/usr/lib/jvm/java-7-openjdk-i386/jre/lib/rt.jar:/usr/lib/jvm/java-7-openjdk-i386/jre/lib/jsse.jar:/usr/lib/jvm/java-7-openjdk-i386/jre/lib/jce.jar:/usr/lib/jvm/java-7-openjdk-i386/jre/lib/charsets.jar:/usr/lib/jvm/java-7-openjdk-i386/jre/lib/rhino.jar:/usr/lib/jvm/java-7-openjdk-common/jre/lib/ext/dnsns.jar:/usr/lib/jvm/java-7-openjdk-common/jre/lib/ext/sunpkcs11.jar:/usr/share/java/java-atk-wrapper.jar:/usr/lib/jvm/java-7-openjdk-common/jre/lib/ext/localedata.jar:/usr/lib/jvm/java-7-openjdk-common/jre/lib/ext/sunjce_provider.jar:/usr/lib/jvm/java-7-openjdk-common/jre/lib/ext/zipfs.jar:/usr/lib/jvm/java-7-openjdk-common/jre/lib/ext/pulse-java.jar:/home/cgao/Outil/eclipse/plugins/inria.smarttools.lib_1.6.2/koala-graphics.jar:/home/cgao/Outil/eclipse/plugins/inria.smarttools.lib_1.6.2/commons-collections.jar:/home/cgao/Outil/eclipse/plugins/inria.smarttools.lib_1.6.2/xalan.jar:/home/cgao/Outil/eclipse/plugins/inria.smarttools.lib_1.6.2/xercesImpl.jar:/home/cgao/Outil/eclipse/plugins/inria.smarttools.lib_1.6.2/bmlplayer.jar:/home/cgao/Outil/eclipse/plugins/inria.smarttools.lib_1.6.2/xsltc.jar:/home/cgao/Outil/eclipse/plugins/inria.smarttools.lib_1.6.2/batik-css.jar:/home/cgao/Outil/eclipse/plugins/inria.smarttools.lib_1.6.2/sac.jar:/home/cgao/Outil/eclipse/plugins/inria.smarttools.lib_1.6.2/batik-util.jar:/home/cgao/Outil/eclipse/plugins/inria.smarttools.lib_1.6.2/tools.jar:/home/cgao/Outil/eclipse/plugins/inria.smarttools.lib_1.6.2/stax-1.2.0.jar:/home/cgao/Outil/eclipse/plugins/inria.smarttools.lib_1.6.2/stax-api-1.0.1.jar:/home/cgao/Outil/eclipse/plugins/inria.smarttools.lib_1.6.2/gson-1.3.jar:/home/cgao/Outil/eclipse/plugins/inria.communicationprotocol_0.3.0.jar:/home/cgao/Outil/eclipse/plugins/org.eclipse.osgi_3.9.1.v20130814-1242.jar:/home/cgao/Travail/maitre/bin"/>
	
	<!-- Plugins settings. -->	
	<property name="path" value="${basedir}"/>
	<property name="temp.dir" value="${basedir}/generate/"/>
	<basename property="basename" file="${basedir}" />
	
	
	<target name="all" depends="clean, user.generate.component" />
	
	<target name="clean">
		<basename property="basename" file="${path}" />
				
		<delete dir="${path}/generate/" />
		<!--<mkdir dir="${path}/generate/" />
		<mkdir dir="${path}/generate/parsers" />
		<mkdir dir="${path}/generate/src" />
		<mkdir dir="${path}/generate/src/${basename}" />
		<mkdir dir="${path}/generate/src/${basename}/resources/" />
		<mkdir dir="${path}/generate/src/${basename}/resources/css" />
		<mkdir dir="${path}/generate/src/${basename}/resources/xsl" />-->
	</target>
	
	<!-- Compile user component -->
	<target name="user.generate.component">
		
		<basename property="basename" file="${path}" />
		
		<java classname="componentsgenerators.ComponentGenerator" fork="true" classpath="${run-classpath}">
			<arg value="-componentDir" />
			<arg value="${path}/" />
			<!--<arg value="-classesOutputDir" />
			<arg value="${path}/bin/" />
			<arg value="-OutputDir" />
			<arg value="${path}/generate/" />-->
			<arg value="-classpath" />
			<arg value="${run-classpath}" />
			<!--<arg value="-jarName" />
			<arg value="${temp.dir}/${basename}.jar" />
			<arg value="-verbose" />-->
		</java>
		
	</target>	
	
</project>
